{"cameraMode":{"drawMode":0,"name":"Shaded","section":"Shading Mode"},"sceneLighting":false,"audioPlay":false,"sceneViewState":{"showFog":true,"showMaterialUpdate":false,"showSkybox":false,"showFlares":true,"showImageEffects":true,"showParticleSystems":true},"in2DMode":false,"pivot":{"x":0.0,"y":-0.33000001311302187,"z":0.7100000381469727},"rotation":{"x":-0.3094084560871124,"y":-0.6055631637573242,"z":0.2760280966758728,"w":-0.6793537735939026},"size":0.7087489366531372,"orthographic":false}